,Year,Close
0,1985.0,1277.719971
1,1985.0191886428097,1289.969971
2,1985.0383772856194,1282.02002
3,1985.057565928429,1275.839966
4,1985.076754571239,1299.359985
5,1985.0959432140487,1269.660034
6,1985.1151318568584,1247.349976
7,1985.134320499668,1267.449951
8,1985.1535091424778,1266.780029
9,1985.1726977852875,1259.050049
10,1985.1918864280972,1265.680054
11,1985.211075070907,1266.560059
12,1985.2302637137168,1275.180054
13,1985.2494523565265,1247.23999
14,1985.2686409993362,1274.180054
15,1985.2878296421459,1285.339966
16,1985.3070182849556,1301.969971
17,1985.3262069277653,1315.410034
18,1985.3453955705752,1316.420044
19,1985.364584213385,1300.959961
20,1985.3837728561946,1324.47998
21,1985.4029614990043,1335.459961
22,1985.422150141814,1334.449951
23,1985.4413387846237,1338.599976
24,1985.4605274274334,1359.540039
25,1985.4797160702433,1357.079956
26,1985.498904713053,1353.050049
27,1985.5180933558627,1320.790039
28,1985.5372819986724,1312.719971
29,1985.556470641482,1318.319946
30,1985.5756592842918,1334.01001
31,1985.5948479271015,1335.689941
32,1985.6140365699114,1307.680054
33,1985.633225212721,1297.939941
34,1985.6524138555308,1320.790039
35,1985.6716024983405,1328.73999
36,1985.6907911411502,1339.939941
37,1985.7099797839599,1368.839966
38,1985.7291684267695,1356.52002
39,1985.7483570695795,1390.25
40,1985.7675457123892,1404.359985
41,1985.7867343551989,1435.089966
42,1985.8059229980086,1464.329956
43,1985.8251116408182,1472.130005
44,1985.844300283628,1477.180054
45,1985.8634889264376,1535.209961
46,1985.8826775692476,1543.0
47,1985.9018662120573,1543.0
48,1985.921054854867,1549.199951
49,1985.9402434976766,1513.530029
50,1985.9594321404863,1536.699951
51,1985.978620783296,1529.930054
52,1985.997809426106,1570.98999
53,1986.0169980689157,1613.420044
54,1986.0361867117253,1664.449951
55,1986.055375354535,1697.709961
56,1986.0745639973447,1709.060059
57,1986.0937526401544,1699.8299559999998
58,1986.1129412829641,1792.7399899999998
59,1986.132129925774,1768.560059
60,1986.1513185685837,1821.719971
61,1986.1705072113934,1739.219971
62,1986.1896958542031,1790.180054
63,1986.2088844970128,1840.4000239999998
64,1986.2280731398225,1835.569946
65,1986.2472617826322,1774.680054
66,1986.2664504254421,1789.430054
67,1986.2856390682518,1759.800049
68,1986.3048277110615,1823.290039
69,1986.3240163538712,1876.709961
70,1986.343204996681,1885.9000239999998
71,1986.3623936394906,1874.189941
72,1986.3815822823003,1879.540039
73,1986.4007709251102,1885.2600100000002
74,1986.41995956792,1900.869995
75,1986.4391482107296,1821.430054
76,1986.4583368535393,1777.97998
77,1986.477525496349,1810.040039
78,1986.4967141391587,1763.640015
79,1986.5159027819684,1782.619995
80,1986.5350914247783,1855.5999760000002
81,1986.554280067588,1887.800049
82,1986.5734687103977,1898.339966
83,1986.5926573532074,1899.75
84,1986.611845996017,1758.719971
85,1986.6310346388268,1762.6500239999998
86,1986.6502232816365,1769.689941
87,1986.6694119244464,1774.180054
88,1986.6886005672561,1793.1700440000002
89,1986.7077892100658,1837.040039
90,1986.7269778528755,1832.359985
91,1986.7461664956852,1877.709961
92,1986.765355138495,1886.530029
93,1986.7845437813046,1873.589966
94,1986.8037324241145,1893.560059
95,1986.8229210669242,1914.22998
96,1986.842109709734,1925.060059
97,1986.8612983525436,1912.2600100000002
98,1986.8804869953533,1928.8499760000002
99,1986.899675638163,1930.4000239999998
100,1986.9188642809727,1927.310059
101,1986.9380529237826,2005.910034
102,1986.9572415665923,2076.6298829999996
103,1986.976430209402,2101.52002
104,1986.9956188522117,2158.040039
105,1987.0148074950214,2186.8701170000004
106,1987.033996137831,2183.350098
107,1987.0531847806408,2235.23999
108,1987.0723734234507,2223.98999
109,1987.0915620662604,2280.22998
110,1987.11075070907,2258.659912
111,1987.1299393518798,2333.52002
112,1987.1491279946895,2335.800049
113,1987.1683166374992,2390.340088
114,1987.1875052803089,2338.780029
115,1987.2066939231188,2275.98999
116,1987.2258825659285,2235.3701170000004
117,1987.2450712087382,2280.399902
118,1987.2642598515479,2322.300049
119,1987.2834484943576,2272.52002
120,1987.3026371371673,2243.199951
121,1987.321825779977,2291.570068
122,1987.3410144227869,2326.149902
123,1987.3602030655966,2377.72998
124,1987.3793917084063,2420.850098
125,1987.398580351216,2436.860107
126,1987.4177689940257,2436.699951
127,1987.4369576368354,2455.98999
128,1987.456146279645,2510.040039
129,1987.475334922455,2485.330078
130,1987.4945235652647,2572.070068
131,1987.5137122080744,2592.0
132,1987.532900850884,2685.429932
133,1987.5520894936938,2709.5
134,1987.5712781365035,2639.350098
135,1987.5904667793131,2561.3798829999996
136,1987.609655422123,2608.73999
137,1987.6288440649328,2524.639893
138,1987.6480327077425,2570.169922
139,1987.6672213505522,2640.98999
140,1987.6864099933618,2482.209961
141,1987.7055986361715,2246.72998
142,1987.7247872789812,1950.7600100000002
143,1987.7439759217912,1993.530029
144,1987.7631645646009,1959.050049
145,1987.7823532074106,1935.0100100000002
146,1987.8015418502202,1913.630005
147,1987.82073049303,1910.47998
148,1987.8399191358396,1766.7399899999998
149,1987.8591077786496,1867.040039
150,1987.8782964214593,1975.300049
151,1987.897485064269,1999.6700440000002
152,1987.9166737070786,1938.8299559999998
153,1987.9358623498883,1911.310059
154,1987.955050992698,1956.069946
155,1987.9742396355077,1903.5100100000002
156,1987.9934282783177,1958.219971
157,1988.0126169211273,1910.47998
158,1988.031805563937,1983.2600100000002
159,1988.0509942067467,2014.589966
160,1988.0701828495564,2023.209961
161,1988.0893714923661,2057.860107
162,1988.1085601351758,2034.97998
163,1988.1277487779857,2087.3701170000004
164,1988.1469374207954,1978.949951
165,1988.1661260636051,1988.060059
166,1988.1853147064148,2090.189941
167,1988.2045033492245,2013.930054
168,1988.2236919920342,2015.089966
169,1988.242880634844,2032.3299559999998
170,1988.2620692776538,2007.459961
171,1988.2812579204635,1990.550049
172,1988.3004465632732,1952.589966
173,1988.319635206083,1956.439941
174,1988.3388238488926,2071.310059
175,1988.3580124917023,2101.709961
176,1988.377201134512,2104.02002
177,1988.396389777322,2142.959961
178,1988.4155784201316,2131.580078
179,1988.4347670629413,2106.149902
180,1988.453955705751,2129.449951
181,1988.4731443485607,2060.98999
182,1988.4923329913704,2128.72998
183,1988.51152163418,2119.1298829999996
184,1988.53071027699,2037.52002
185,1988.5498989197997,2016.0
186,1988.5690875626094,2017.430054
187,1988.588276205419,2054.590088
188,1988.6074648482288,2068.810059
189,1988.6266534910385,2098.149902
190,1988.6458421338482,2090.679932
191,1988.665030776658,2112.909912
192,1988.6842194194678,2150.25
193,1988.7034080622775,2133.179932
194,1988.7225967050872,2183.5
195,1988.741785347897,2149.889893
196,1988.7609739907066,2145.800049
197,1988.7801626335163,2067.030029
198,1988.7993512763262,2062.409912
199,1988.818539919136,2074.679932
200,1988.8377285619456,2092.280029
201,1988.8569172047553,2143.48999
202,1988.876105847565,2150.709961
203,1988.8952944903747,2168.929932
204,1988.9144831331844,2168.570068
205,1988.9336717759943,2194.290039
206,1988.952860418804,2226.070068
207,1988.9720490616137,2235.360107
208,1988.9912377044234,2322.860107
209,1989.010426347233,2331.25
210,1989.0296149900428,2286.070068
211,1989.0488036328525,2324.820068
212,1989.0679922756624,2245.540039
213,1989.087180918472,2274.290039
214,1989.1063695612818,2282.139893
215,1989.1255582040915,2292.139893
216,1989.1447468469012,2243.040039
217,1989.1639354897109,2293.6201170000004
218,1989.1831241325206,2304.800049
219,1989.2023127753305,2337.060059
220,1989.2215014181402,2409.459961
221,1989.2406900609499,2418.800049
222,1989.2598787037596,2381.959961
223,1989.2790673465693,2439.699951
224,1989.298255989379,2501.100098
225,1989.3174446321887,2493.77002
226,1989.3366332749986,2517.830078
227,1989.3558219178083,2513.419922
228,1989.375010560618,2486.3798829999996
229,1989.3941992034277,2531.8701170000004
230,1989.4133878462374,2440.060059
231,1989.432576489047,2487.860107
232,1989.4517651318567,2554.820068
233,1989.4709537746667,2607.360107
234,1989.4901424174764,2635.23999
235,1989.509331060286,2653.449951
236,1989.5285197030958,2683.98999
237,1989.5477083459054,2687.969971
238,1989.5668969887151,2732.360107
239,1989.586085631525,2752.090088
240,1989.6052742743348,2709.540039
241,1989.6244629171445,2674.580078
242,1989.6436515599542,2681.610107
243,1989.6628402027638,2692.820068
244,1989.6820288455735,2785.52002
245,1989.7012174883832,2569.26001
246,1989.7204061311932,2689.139893
247,1989.7395947740029,2596.719971
248,1989.7587834168125,2629.51001
249,1989.7779720596222,2625.610107
250,1989.797160702432,2652.659912
251,1989.8163493452416,2675.550049
252,1989.8355379880513,2747.649902
253,1989.8547266308613,2731.439941
254,1989.873915273671,2739.550049
255,1989.8931039164806,2711.389893
256,1989.9122925592903,2753.199951
257,1989.9314812021,2773.25
258,1989.9506698449097,2689.209961
259,1989.9698584877194,2677.899902
260,1989.9890471305293,2559.22998
261,1990.008235773339,2602.699951
262,1990.0274244161487,2648.199951
263,1990.0466130589584,2635.590088
264,1990.0658017017681,2564.189941
265,1990.0849903445778,2660.360107
266,1990.1041789873875,2683.330078
267,1990.1233676301974,2741.219971
268,1990.1425562730071,2704.280029
269,1990.1617449158168,2707.209961
270,1990.1809335586265,2717.1201170000004
271,1990.2001222014362,2751.800049
272,1990.219310844246,2695.949951
273,1990.2384994870556,2645.050049
274,1990.2576881298655,2710.360107
275,1990.2768767726752,2801.580078
276,1990.296065415485,2819.909912
277,1990.3152540582946,2820.919922
278,1990.3344427011043,2900.969971
279,1990.353631343914,2862.3798829999996
280,1990.3728199867237,2935.889893
281,1990.3920086295336,2857.179932
282,1990.4111972723433,2880.689941
283,1990.430385915153,2904.949951
284,1990.4495745579627,2980.199951
285,1990.4687632007724,2961.139893
286,1990.487951843582,2898.51001
287,1990.5071404863918,2809.649902
288,1990.5263291292017,2716.580078
289,1990.5455177720114,2644.800049
290,1990.564706414821,2532.919922
291,1990.5838950576308,2614.360107
292,1990.6030837004405,2619.550049
293,1990.6222723432502,2564.110107
294,1990.6414609860599,2512.3798829999996
295,1990.6606496288698,2452.47998
296,1990.6798382716795,2510.639893
297,1990.6990269144892,2398.02002
298,1990.718215557299,2520.790039
299,1990.7374042001086,2436.139893
300,1990.7565928429183,2490.840088
301,1990.775781485728,2488.610107
302,1990.794970128538,2550.25
303,1990.8141587713476,2527.22998
304,1990.8333474141573,2559.649902
305,1990.852536056967,2590.100098
306,1990.8717246997767,2593.810059
307,1990.8909133425864,2633.659912
308,1990.910101985396,2629.209961
309,1990.929290628206,2566.090088
310,1990.9484792710157,2501.48999
311,1990.9676679138254,2646.780029
312,1990.986856556635,2659.409912
313,1991.0060451994448,2730.689941
314,1991.0252338422545,2830.689941
315,1991.0444224850642,2934.649902
316,1991.063611127874,2889.360107
317,1991.0827997706838,2909.899902
318,1991.1019884134935,2955.199951
319,1991.1211770563032,2948.27002
320,1991.1403656991129,2858.909912
321,1991.1595543419226,2913.860107
322,1991.1787429847323,2896.780029
323,1991.1979316275422,2920.790039
324,1991.2171202703519,2965.590088
325,1991.2363089131616,2912.3798829999996
326,1991.2554975559713,2938.860107
327,1991.274686198781,2920.169922
328,1991.2938748415907,2886.6298829999996
329,1991.3130634844006,2913.909912
330,1991.3322521272103,3027.5
331,1991.35144077002,2976.73999
332,1991.3706294128297,3000.449951
333,1991.3898180556394,2965.560059
334,1991.409006698449,2906.75
335,1991.4281953412587,2932.469971
336,1991.4473839840687,2980.77002
337,1991.4665726268784,3016.320068
338,1991.485761269688,2972.5
339,1991.5049499124978,3006.26001
340,1991.5241385553074,2996.199951
341,1991.5433271981171,2968.02002
342,1991.5625158409268,3040.25
343,1991.5817044837368,3043.600098
344,1991.6008931265465,3011.6298829999996
345,1991.6200817693561,2985.689941
346,1991.6392704121658,3019.22998
347,1991.6584590549755,3006.040039
348,1991.6776476977852,2961.76001
349,1991.696836340595,2983.679932
350,1991.7160249834048,3077.149902
351,1991.7352136262145,3004.919922
352,1991.7544022690242,3056.350098
353,1991.773590911834,3045.6201170000004
354,1991.7927795546436,2943.199951
355,1991.8119681974533,2902.72998
356,1991.831156840263,2894.679932
357,1991.850345483073,2886.399902
358,1991.8695341258826,2914.360107
359,1991.8887227686923,2934.47998
360,1991.907911411502,3101.52002
361,1991.9271000543117,3201.5
362,1991.9462886971214,3199.5
363,1991.965477339931,3265.0
364,1991.984665982741,3232.800049
365,1992.0038546255507,3223.399902
366,1992.0230432683604,3225.399902
367,1992.0422319111701,3246.0
368,1992.0614205539798,3280.199951
369,1992.0806091967895,3267.699951
370,1992.0997978395992,3221.600098
371,1992.1189864824091,3235.899902
372,1992.1381751252188,3276.399902
373,1992.1573637680285,3231.399902
374,1992.1765524108382,3249.100098
375,1992.195741053648,3255.399902
376,1992.2149296964576,3366.5
377,1992.2341183392673,3324.5
378,1992.2533069820772,3336.100098
379,1992.272495624887,3369.399902
380,1992.2916842676966,3353.100098
381,1992.3108729105063,3386.8000490000004
382,1992.330061553316,3396.899902
383,1992.3492501961257,3398.6999509999996
384,1992.3684388389354,3354.399902
385,1992.3876274817453,3285.399902
386,1992.406816124555,3282.399902
387,1992.4260047673647,3330.300049
388,1992.4451934101744,3330.600098
389,1992.464382052984,3331.600098
390,1992.4835706957938,3285.699951
391,1992.5027593386035,3393.8000490000004
392,1992.5219479814134,3332.199951
393,1992.541136624223,3328.899902
394,1992.5603252670328,3254.100098
395,1992.5795139098425,3267.600098
396,1992.5987025526522,3281.899902
397,1992.6178911954619,3305.699951
398,1992.6370798382716,3327.100098
399,1992.6562684810815,3250.300049
400,1992.6754571238912,3200.600098
401,1992.694645766701,3136.600098
402,1992.7138344095106,3174.399902
403,1992.7330230523203,3207.600098
404,1992.75221169513,3226.300049
405,1992.7714003379397,3240.100098
406,1992.7905889807496,3233.0
407,1992.8097776235593,3227.399902
408,1992.828966266369,3282.199951
409,1992.8481549091787,3288.699951
410,1992.8673435519884,3304.100098
411,1992.886532194798,3313.300049
412,1992.9057208376078,3326.199951
413,1992.9249094804177,3301.110107
414,1992.9440981232274,3251.699951
415,1992.963286766037,3271.100098
416,1992.9824754088468,3256.800049
417,1993.0016640516565,3310.0
418,1993.0208526944662,3442.100098
419,1993.0400413372759,3392.429932
420,1993.0592299800858,3322.179932
421,1993.0784186228955,3370.8100590000004
422,1993.0976072657052,3404.580078
423,1993.1167959085149,3427.820068
424,1993.1359845513246,3471.580078
425,1993.1551731941342,3439.9799799999996
426,1993.1743618369442,3370.8100590000004
427,1993.1935504797539,3396.4799799999996
428,1993.2127391225636,3478.610107
429,1993.2319277653733,3413.7700200000004
430,1993.251116408183,3427.5500490000004
431,1993.2703050509926,3437.1899409999996
432,1993.2894936938023,3443.01001
433,1993.3086823366123,3492.830078
434,1993.327870979422,3527.429932
435,1993.3470596222317,3545.139893
436,1993.3662482650413,3505.01001
437,1993.385436907851,3494.7700200000004
438,1993.4046255506607,3490.889893
439,1993.4238141934704,3483.969971
440,1993.4430028362804,3521.0600590000004
441,1993.46219147909,3528.290039
442,1993.4813801218997,3546.73999
443,1993.5005687647094,3539.469971
444,1993.5197574075191,3560.429932
445,1993.5389460503288,3569.649902
446,1993.5581346931385,3615.4799799999996
447,1993.5773233359484,3640.6298829999996
448,1993.5965119787581,3633.929932
449,1993.6157006215678,3621.6298829999996
450,1993.6348892643775,3613.25
451,1993.6540779071872,3543.110107
452,1993.673266549997,3581.110107
453,1993.6924551928066,3584.73999
454,1993.7116438356165,3629.7299799999996
455,1993.7308324784262,3649.3000490000004
456,1993.750021121236,3680.5900880000004
457,1993.7692097640456,3643.429932
458,1993.7883984068553,3684.5
459,1993.807587049665,3694.01001
460,1993.8267756924747,3683.9499509999996
461,1993.8459643352846,3704.070068
462,1993.8651529780943,3740.669922
463,1993.884341620904,3751.570068
464,1993.9035302637137,3757.719971
465,1993.9227189065234,3754.0900880000004
466,1993.941907549333,3820.7700200000004
467,1993.9610961921428,3867.1999509999996
468,1993.9802848349527,3914.4799799999996
469,1993.9994734777624,3945.429932
470,1994.0186621205721,3871.419922
471,1994.0378507633818,3894.780029
472,1994.0570394061915,3887.459961
473,1994.0762280490012,3838.780029
474,1994.095416691811,3832.3000490000004
475,1994.1146053346208,3862.6999509999996
476,1994.1337939774305,3895.649902
477,1994.1529826202402,3774.7299799999996
478,1994.17217126305,3635.959961
479,1994.1913599058596,3674.26001
480,1994.2105485486693,3661.469971
481,1994.229737191479,3648.679932
482,1994.248925834289,3681.6899409999996
483,1994.2681144770986,3669.5
484,1994.2873031199083,3659.679932
485,1994.306491762718,3766.350098
486,1994.3256804055277,3757.139893
487,1994.3448690483374,3772.219971
488,1994.364057691147,3773.4499509999996
489,1994.383246333957,3776.780029
490,1994.4024349767667,3636.9399409999996
491,1994.4216236195764,3646.649902
492,1994.440812262386,3709.139893
493,1994.4600009051958,3753.8100590000004
494,1994.4791895480055,3735.040039
495,1994.4983781908152,3764.5
496,1994.517566833625,3747.0200200000004
497,1994.5367554764348,3768.709961
498,1994.5559441192445,3755.110107
499,1994.5751327620542,3881.0500490000004
500,1994.5943214048639,3885.580078
501,1994.6135100476736,3874.8100590000004
502,1994.6326986904833,3933.350098
503,1994.6518873332932,3831.75
504,1994.6710759761029,3843.1899409999996
505,1994.6902646189126,3797.429932
506,1994.7094532617223,3910.469971
507,1994.728641904532,3891.3000490000004
508,1994.7478305473417,3930.6599119999996
509,1994.7670191901514,3807.5200200000004
510,1994.7862078329613,3801.469971
511,1994.805396475771,3815.26001
512,1994.8245851185807,3708.2700200000004
513,1994.8437737613904,3745.6201170000004
514,1994.8629624042,3691.110107
515,1994.8821510470098,3807.1899409999996
516,1994.9013396898195,3833.429932
517,1994.9205283326294,3834.4399409999996
518,1994.939716975439,3867.4099119999996
519,1994.9589056182488,3908.459961
520,1994.9780942610585,3869.429932
521,1994.9972829038682,3857.98999
522,1995.0164715466778,3928.639893
523,1995.0356601894878,3939.070068
524,1995.0548488322975,3953.540039
525,1995.0740374751072,4011.73999
526,1995.0932261179169,3989.610107
527,1995.1124147607266,4035.610107
528,1995.1316034035362,4073.649902
529,1995.150792046346,4138.669922
530,1995.1699806891559,4157.689941
531,1995.1891693319656,4192.620117
532,1995.2083579747753,4208.180176
533,1995.227546617585,4270.089844
534,1995.2467352603946,4321.27002
535,1995.2659239032043,4343.399902
536,1995.285112546014,4430.560059
537,1995.304301188824,4341.330078
538,1995.3234898316337,4369.0
539,1995.3426784744433,4444.390136999999
540,1995.361867117253,4423.990234000001
541,1995.3810557600627,4510.790039
542,1995.4002444028724,4585.839844
543,1995.4194330456821,4556.100098
544,1995.438621688492,4702.72998
545,1995.4578103313017,4708.819824
546,1995.4769989741114,4641.549805
547,1995.4961876169211,4715.509765999999
548,1995.5153762597308,4683.459961
549,1995.5345649025405,4618.299805
550,1995.5537535453502,4617.600098
551,1995.5729421881601,4601.399902
552,1995.5921308309698,4647.540039
553,1995.6113194737795,4700.720215
554,1995.6305081165892,4797.569824
555,1995.649696759399,4764.149902
556,1995.6688854022086,4789.080078
557,1995.6880740450183,4769.209961
558,1995.7072626878282,4793.779785
559,1995.726451330638,4794.859863000001
560,1995.7456399734476,4741.75
561,1995.7648286162573,4825.569824
562,1995.784017259067,4870.370117
563,1995.8032059018767,4989.950195
564,1995.8223945446864,5048.839844
565,1995.8415831874963,5087.129883
566,1995.860771830306,5156.859863000001
567,1995.8799604731157,5176.72998
568,1995.8991491159254,5097.970215
569,1995.918337758735,5117.120117
570,1995.9375264015448,5181.430176
571,1995.9567150443545,5061.120117
572,1995.9759036871644,5184.680176
573,1995.995092329974,5271.75
574,1996.0142809727838,5373.990234000001
575,1996.0334696155935,5541.620117
576,1996.0526582584032,5503.319824
577,1996.071846901213,5630.490234000001
578,1996.0910355440226,5536.560059
579,1996.1102241868325,5470.450195
580,1996.1294128296422,5584.970215
581,1996.148601472452,5636.640136999999
582,1996.1677901152616,5587.140136999999
583,1996.1869787580713,5682.879883
584,1996.206167400881,5532.589844
585,1996.2253560436907,5535.47998
586,1996.2445446865006,5567.990234000001
587,1996.2637333293103,5478.029785
588,1996.28292197212,5518.140136999999
589,1996.3021106149297,5687.5
590,1996.3212992577394,5762.859863000001
591,1996.340487900549,5643.180176
592,1996.3596765433588,5697.109863000001
593,1996.3788651861687,5649.450195
594,1996.3980538289784,5705.22998
595,1996.417242471788,5654.629883
596,1996.4364311145978,5588.140136999999
597,1996.4556197574075,5510.560059
598,1996.4748084002172,5426.819824
599,1996.4939970430269,5473.060059
600,1996.5131856858368,5679.830078
601,1996.5323743286465,5681.310059
602,1996.5515629714562,5689.450195
603,1996.5707516142659,5722.740234000001
604,1996.5899402570756,5616.209961
605,1996.6091288998853,5659.859863000001
606,1996.628317542695,5838.52002
607,1996.6475061855049,5888.459961
608,1996.6666948283146,5872.919922
609,1996.6858834711243,5992.859863000001
610,1996.705072113934,5969.379883
611,1996.7242607567437,6094.22998
612,1996.7434493995534,6007.02002
613,1996.762638042363,6021.930176
614,1996.781826685173,6219.819824
615,1996.8010153279827,6348.029785
616,1996.8202039707924,6471.759765999999
617,1996.839392613602,6521.700195
618,1996.8585812564118,6381.939941
619,1996.8777698992214,6304.870117
620,1996.8969585420314,6484.399902
621,1996.916147184841,6560.910156
622,1996.9353358276508,6544.089844
623,1996.9545244704605,6703.790039
624,1996.9737131132702,6833.100098000001
625,1996.9929017560798,6696.47998
626,1997.0120903988895,6813.089844
627,1997.0312790416995,6855.799805
628,1997.0504676845092,6988.959961
629,1997.0696563273189,6931.620117
630,1997.0888449701285,6877.740234000001
631,1997.1080336129382,7000.890137
632,1997.127222255748,6935.459961
633,1997.1464108985576,6804.790039
634,1997.1655995413676,6740.589844
635,1997.1847881841773,6526.100098
636,1997.203976826987,6391.700195
637,1997.2231654697966,6703.350098
638,1997.2423541126063,6738.899901999999
639,1997.261542755416,7071.200195
640,1997.2807313982257,7169.5
641,1997.2999200410356,7194.700195
642,1997.3191086838453,7345.899901999999
643,1997.338297326655,7331.0
644,1997.3574859694647,7435.799805
645,1997.3766746122744,7782.0
646,1997.3958632550841,7796.5
647,1997.4150518978938,7687.700195
648,1997.4342405407037,7895.799805
649,1997.4534291835134,7921.799805
650,1997.4726178263231,7890.5
651,1997.4918064691328,8113.399901999999
652,1997.5109951119425,8194.0
653,1997.5301837547522,8031.200195
654,1997.549372397562,7694.700195
655,1997.5685610403718,7887.899901999999
656,1997.5877496831815,7622.399901999999
657,1997.6069383259912,7822.399901999999
658,1997.626126968801,7743.0
659,1997.6453156116106,7917.299805
660,1997.6645042544203,7922.200195
661,1997.68369289723,8038.600098000001
662,1997.70288154004,8045.200195
663,1997.7220701828496,7847.0
664,1997.7412588256593,7715.399901999999
665,1997.760447468469,7442.100098000001
666,1997.7796361112787,7581.299805
667,1997.7988247540884,7572.5
668,1997.818013396898,7881.069823999999
669,1997.837202039708,7823.100098000001
670,1997.8563906825177,8149.100098000001
671,1997.8755793253274,7838.299805
672,1997.894767968137,7756.299805
673,1997.9139566109468,7679.299805
674,1997.9331452537565,7965.0
675,1997.9523338965662,7580.399901999999
676,1997.971522539376,7753.5
677,1997.9907111821858,7700.700195
678,1998.0098998249955,7906.5
679,1998.0290884678052,8189.490234000001
680,1998.048277110615,8370.099609
681,1998.0674657534246,8413.94043
682,1998.0866543962343,8545.719727
683,1998.1058430390442,8569.389648
684,1998.125031681854,8602.519531
685,1998.1442203246636,8906.429688
686,1998.1634089674733,8796.080078
687,1998.182597610283,8983.410156
688,1998.2017862530927,8994.860352
689,1998.2209748959024,9167.5
690,1998.2401635387123,9064.620117
691,1998.259352181522,9147.070313
692,1998.2785408243317,9055.150391
693,1998.2977294671414,9096.0
694,1998.316918109951,9114.44043
695,1998.3361067527608,8899.950195
696,1998.3552953955705,9037.709961
697,1998.3744840383804,8834.94043
698,1998.39367268119,8712.870117
699,1998.4128613239998,8944.540039
700,1998.4320499668095,9025.259766
701,1998.4512386096192,9105.740234
702,1998.4704272524289,9337.969727
703,1998.4896158952386,8937.360352
704,1998.5088045380485,8883.290039
705,1998.5279931808582,8598.019531
706,1998.5471818236679,8425.0
707,1998.5663704664776,8533.650391
708,1998.5855591092873,8051.680176000001
709,1998.604747752097,7640.25
710,1998.6239363949067,7795.5
711,1998.6431250377166,7895.660156
712,1998.6623136805263,8028.77002
713,1998.681502323336,7784.689941
714,1998.7006909661457,7899.52002
715,1998.7198796089554,8416.759766
716,1998.739068251765,8452.290039
717,1998.758256894575,8592.099609
718,1998.7774455373847,8975.459961
719,1998.7966341801944,8919.589844
720,1998.815822823004,9159.549805
721,1998.8350114658137,9333.080078
722,1998.8542001086234,9016.139648
723,1998.8733887514331,8821.759766
724,1998.892577394243,8903.629883
725,1998.9117660370528,9217.990234
726,1998.9309546798625,9181.429688
727,1998.9501433226721,9643.320313
728,1998.9693319654818,9340.549805
729,1998.9885206082915,9120.669922
730,1999.0077092511012,9358.830078
731,1999.0268978939112,9304.240234
732,1999.0460865367208,9274.889648
733,1999.0652751795305,9339.950195
734,1999.0844638223402,9306.580078
735,1999.10365246515,9736.080078
736,1999.1228411079596,9876.349609
737,1999.1420297507693,9903.549805
738,1999.1612183935792,9822.240234
739,1999.180407036389,9832.509766
740,1999.1995956791986,10173.839844
741,1999.2187843220083,10493.889648
742,1999.237972964818,10689.669922
743,1999.2571616076277,10789.040039
744,1999.2763502504374,11031.589844
745,1999.2955388932473,10913.320313
746,1999.314727536057,10829.280273
747,1999.3339161788667,10559.740234
748,1999.3531048216764,10799.839844
749,1999.3722934644861,10490.509766
750,1999.3914821072958,10855.55957
751,1999.4106707501055,10552.55957
752,1999.4298593929154,11139.240234
753,1999.4490480357251,11193.700195
754,1999.4682366785348,11209.839844
755,1999.4874253213445,10910.959961
756,1999.5066139641542,10655.150391
757,1999.525802606964,10714.030273
758,1999.5449912497736,10973.650391
759,1999.5641798925835,11100.610352
760,1999.5833685353932,11090.169922
761,1999.602557178203,11078.450195
762,1999.6217458210126,11028.429688
763,1999.6409344638223,10803.629883
764,1999.660123106632,10279.330078
765,1999.6793117494417,10273.0
766,1999.6985003922516,10649.759766
767,1999.7176890350613,10019.709961
768,1999.736877677871,10470.25
769,1999.7560663206807,10729.860352
770,1999.7752549634904,10704.480469
771,1999.7944436063,10769.320313
772,1999.8136322491098,11003.889648
773,1999.8328208919197,10988.910156
774,1999.8520095347294,11286.179688
775,1999.871198177539,11224.700195
776,1999.8903868203488,11257.429688
777,1999.9095754631585,11405.759766
778,1999.9287641059682,11497.120117
779,1999.9479527487779,11522.55957
780,1999.9671413915878,11722.980469
781,1999.9863300343975,11251.709961
782,2000.0055186772072,10738.870117
783,2000.024707320017,10963.799805
784,2000.0438959628266,10425.209961
785,2000.0630846056363,10219.519531
786,2000.082273248446,9862.120117
787,2000.101461891256,10367.200195
788,2000.1206505340656,9928.820313
789,2000.1398391768753,10595.230469
790,2000.159027819685,11112.719727
791,2000.1782164624947,10921.919922
792,2000.1974051053044,11111.480469
793,2000.216593748114,10305.769531
794,2000.235782390924,10844.049805
795,2000.2549710337337,10733.910156
796,2000.2741596765434,10577.860352
797,2000.293348319353,10609.370117
798,2000.3125369621628,10626.849609
799,2000.3317256049725,10299.240234
800,2000.3509142477824,10794.759766
801,2000.370102890592,10614.05957
802,2000.3892915334018,10449.299805
803,2000.4084801762115,10404.75
804,2000.4276688190212,10447.889648
805,2000.4468574618309,10635.980469
806,2000.4660461046406,10812.75
807,2000.4852347474505,10733.55957
808,2000.5044233902602,10511.169922
809,2000.5236120330699,10767.75
810,2000.5428006758796,11027.799805
811,2000.5619893186893,11046.480469
812,2000.581177961499,11192.629883
813,2000.6003666043086,11238.780273
814,2000.6195552471186,11220.650391
815,2000.6387438899283,10927.0
816,2000.657932532738,10847.370117
817,2000.6771211755477,10650.919922
818,2000.6963098183573,10596.540039
819,2000.715498461167,10192.179688
820,2000.7346871039767,10226.589844
821,2000.7538757467867,10590.620117
822,2000.7730643895964,10817.950195
823,2000.792253032406,10602.950195
824,2000.8114416752157,10629.870117
825,2000.8306303180254,10470.230469
826,2000.8498189608351,10373.540039
827,2000.8690076036448,10712.910156
828,2000.8881962464548,10434.959961
829,2000.9073848892644,10635.55957
830,2000.9265735320741,10787.990234
831,2000.9457621748838,10662.009766
832,2000.9649508176935,10525.379883
833,2000.9841394605032,10587.589844
834,2001.003328103313,10659.980469
835,2001.0225167461228,10864.099609
836,2001.0417053889325,10781.450195
837,2001.0608940317422,10799.820313
838,2001.080082674552,10441.900391
839,2001.0992713173616,10466.30957
840,2001.1184599601713,10644.620117
841,2001.137648602981,9823.410156
842,2001.156837245791,9504.780273
843,2001.1760258886006,9878.780273
844,2001.1952145314103,9791.089844
845,2001.21440317422,10126.94043
846,2001.2335918170297,10579.849609
847,2001.2527804598394,10810.049805
848,2001.271969102649,10951.240234
849,2001.291157745459,10821.30957
850,2001.3103463882687,11301.740234
851,2001.3295350310784,11005.370117
852,2001.3487236738881,10990.410156
853,2001.3679123166978,10977.0
854,2001.3871009595075,10623.639648
855,2001.4062896023172,10604.589844
856,2001.4254782451271,10502.400391
857,2001.4446668879368,10252.679688
858,2001.4638555307465,10539.05957
859,2001.4830441735562,10576.650391
860,2001.502232816366,10416.669922
861,2001.5214214591756,10512.780273
862,2001.5406101019853,10416.25
863,2001.5597987447952,10240.780273
864,2001.578987387605,10423.169922
865,2001.5981760304146,9949.75
866,2001.6173646732243,9605.849609
867,2001.636553316034,9605.509766
868,2001.6557419588437,8235.80957
869,2001.6749306016534,8847.55957
870,2001.6941192444633,9119.769531
871,2001.713307887273,9344.160156
872,2001.7324965300827,9204.110352
873,2001.7516851728924,9545.169922
874,2001.770873815702,9323.540039
875,2001.7900624585118,9608.0
876,2001.8092511013215,9866.990234
877,2001.8284397441314,9959.709961
878,2001.847628386941,9851.55957
879,2001.8668170297508,10049.459961
880,2001.8860056725605,9811.150391
881,2001.9051943153702,10035.339844
882,2001.9243829581799,10136.990234
883,2001.9435716009896,10259.740234
884,2001.9627602437995,9987.530273
885,2001.9819488866092,9771.849609
886,2002.0011375294189,9840.080078
887,2002.0203261722286,9907.259766
888,2002.0395148150383,9744.240234
889,2002.058703457848,9903.040039
890,2002.0778921006577,9968.150391
891,2002.0970807434676,10368.860352
892,2002.1162693862773,10572.490234
893,2002.135458029087,10607.230469
894,2002.1546466718967,10427.669922
895,2002.1738353147064,10403.94043
896,2002.193023957516,10271.639648
897,2002.212212600326,10190.820313
898,2002.2314012431357,10257.110352
899,2002.2505898859454,9910.719727
900,2002.269778528755,10006.629883
901,2002.2889671715648,9939.919922
902,2002.3081558143745,10353.080078
903,2002.3273444571842,10104.259766
904,2002.346533099994,9925.25
905,2002.3657217428038,9589.669922
906,2002.3849103856135,9474.209961
907,2002.4040990284232,9253.790039
908,2002.4232876712329,9243.259766
909,2002.4424763140426,9379.5
910,2002.4616649568522,8684.530273
911,2002.4808535996622,8019.259765999999
912,2002.5000422424719,8264.389648
913,2002.5192308852816,8313.129883
914,2002.5384195280913,8745.450195
915,2002.557608170901,8778.05957
916,2002.5767968137106,8872.959961
917,2002.5959854565203,8663.5
918,2002.6151740993303,8427.200195
919,2002.63436274214,8312.69043
920,2002.6535513849497,7986.02002
921,2002.6727400277593,7701.450195
922,2002.691928670569,7528.399901999999
923,2002.7111173133787,7850.290039
924,2002.7303059561884,8322.400391
925,2002.7494945989984,8443.990234
926,2002.768683241808,8517.639648
927,2002.7878718846177,8537.129883
928,2002.8070605274274,8579.089844
929,2002.8262491702371,8804.839844
930,2002.8454378130468,8896.089844
931,2002.8646264558565,8645.769531
932,2002.8838150986664,8433.709961
933,2002.9030037414761,8511.320313
934,2002.9221923842858,8303.780273
935,2002.9413810270955,8601.69043
936,2002.9605696699052,8784.889648
937,2002.979758312715,8586.740234
938,2002.9989469555246,8131.009765999999
939,2003.0181355983345,8053.810059
940,2003.0373242411442,7864.22998
941,2003.056512883954,7908.799805
942,2003.0757015267636,8018.109863
943,2003.0948901695733,7891.080078
944,2003.114078812383,7740.029785
945,2003.1332674551927,7859.709961
946,2003.1524560980026,8521.969727
947,2003.1716447408123,8145.77002
948,2003.190833383622,8277.150391
949,2003.2100220264317,8203.410156
950,2003.2292106692414,8337.650391
951,2003.248399312051,8306.349609
952,2003.2675879548608,8582.679688
953,2003.2867765976707,8604.599609
954,2003.3059652404804,8678.969727
955,2003.32515388329,8601.379883
956,2003.3443425260998,8850.259766
957,2003.3635311689095,9062.790039
958,2003.3827198117192,9117.120117
959,2003.401908454529,9200.75
960,2003.4210970973388,8989.049805
961,2003.4402857401485,9070.209961
962,2003.4594743829582,9119.589844
963,2003.478663025768,9188.150391
964,2003.4978516685776,9284.570313
965,2003.5170403113873,9153.969727
966,2003.536228954197,9191.089844
967,2003.555417597007,9321.69043
968,2003.5746062398166,9348.870117
969,2003.5937948826263,9415.820313
970,2003.612983525436,9503.339844
971,2003.6321721682457,9471.549805
972,2003.6513608110554,9644.820313
973,2003.670549453865,9313.080078
974,2003.689738096675,9572.30957
975,2003.7089267394847,9674.679688
976,2003.7281153822944,9721.790039
977,2003.747304025104,9582.459961
978,2003.7664926679138,9801.120117
979,2003.7856813107235,9809.790039
980,2003.8048699535332,9768.679688
981,2003.824058596343,9628.530273
982,2003.8432472391528,9782.459961
983,2003.8624358819625,9862.679688
984,2003.8816245247722,10042.160156
985,2003.9008131675819,10278.219727
986,2003.9200018103916,10324.669922
987,2003.9391904532013,10409.849609
988,2003.9583790960112,10458.889648
989,2003.9775677388209,10600.509766
990,2003.9967563816306,10568.290039
991,2004.0159450244403,10488.070313
992,2004.03513366725,10593.030273
993,2004.0543223100597,10627.849609
994,2004.0735109528696,10619.030273
995,2004.0926995956793,10583.919922
996,2004.111888238489,10595.549805
997,2004.1310768812987,10240.080078
998,2004.1502655241084,10186.599609
999,2004.169454166918,10212.969727
1000,2004.1886428097278,10470.589844
1001,2004.2078314525377,10442.030273
1002,2004.2270200953474,10451.969727
1003,2004.246208738157,10472.839844
1004,2004.2653973809668,10225.570313
1005,2004.2845860237765,10117.339844
1006,2004.3037746665862,10012.870117
1007,2004.3229633093958,9966.740234
1008,2004.3421519522058,10188.450195
1009,2004.3613405950155,10242.820313
1010,2004.3805292378252,10410.099609
1011,2004.3997178806349,10416.410156
1012,2004.4189065234445,10371.839844
1013,2004.4380951662542,10282.830078
1014,2004.457283809064,10213.219727
1015,2004.4764724518739,10139.780273
1016,2004.4956610946836,9962.219727
1017,2004.5148497374933,10139.709961
1018,2004.534038380303,9815.330078
1019,2004.5532270231126,9825.349609
1020,2004.5724156659223,10110.139648
1021,2004.591604308732,10195.009766
1022,2004.610792951542,10260.200195
1023,2004.6299815943516,10313.070313
1024,2004.6491702371613,10284.459961
1025,2004.668358879971,10047.240234
1026,2004.6875475227807,10192.650391
1027,2004.7067361655904,10055.200195
1028,2004.7259248084001,9933.379883
1029,2004.74511345121,9757.80957
1030,2004.7643020940197,10027.469727
1031,2004.7834907368294,10387.540039
1032,2004.8026793796391,10539.009766
1033,2004.8218680224488,10456.910156
1034,2004.8410566652585,10522.230469
1035,2004.8602453080682,10592.209961
1036,2004.8794339508781,10543.219727
1037,2004.8986225936878,10649.919922
1038,2004.9178112364975,10827.120117
1039,2004.9369998793072,10783.009766
1040,2004.956188522117,10603.959961
1041,2004.9753771649266,10558.0
1042,2004.9945658077363,10392.990234
1043,2005.0137544505462,10427.200195
1044,2005.032943093356,10716.129883
1045,2005.0521317361656,10796.009766
1046,2005.0713203789753,10785.219727
1047,2005.090509021785,10841.599609
1048,2005.1096976645947,10940.549805
1049,2005.1288863074044,10774.360352
1050,2005.1480749502143,10629.669922
1051,2005.167263593024,10442.870117
1052,2005.1864522358337,10404.299805
1053,2005.2056408786434,10461.339844
1054,2005.224829521453,10087.509766
1055,2005.2440181642628,10157.709961
1056,2005.2632068070725,10192.509766
1057,2005.2823954498824,10345.400391
1058,2005.301584092692,10140.120117
1059,2005.3207727355018,10471.910156
1060,2005.3399613783115,10542.549805
1061,2005.3591500211212,10460.969727
1062,2005.378338663931,10512.629883
1063,2005.3975273067406,10623.070313
1064,2005.4167159495505,10297.839844
1065,2005.4359045923602,10303.44043
1066,2005.45509323517,10449.139648
1067,2005.4742818779796,10640.830078
1068,2005.4934705207893,10651.179688
1069,2005.512659163599,10640.910156
1070,2005.5318478064087,10558.030273
1071,2005.5510364492186,10600.30957
1072,2005.5702250920283,10559.230469
1073,2005.589413734838,10397.290039
1074,2005.6086023776477,10447.370117
1075,2005.6277910204574,10678.55957
1076,2005.646979663267,10641.94043
1077,2005.6661683060768,10419.589844
1078,2005.6853569488867,10568.700195
1079,2005.7045455916964,10292.30957
1080,2005.723734234506,10287.339844
1081,2005.7429228773158,10215.219727
1082,2005.7621115201255,10402.769531
1083,2005.7813001629352,10530.759766
1084,2005.8004888057449,10686.040039
1085,2005.8196774485548,10766.330078
1086,2005.8388660913645,10931.620117
1087,2005.8580547341742,10877.509766
1088,2005.8772433769839,10778.580078
1089,2005.8964320197936,10875.589844
1090,2005.9156206626033,10883.269531
1091,2005.9348093054132,10717.5
1092,2005.9539979482229,10959.30957
1093,2005.9731865910326,10959.870117
1094,2005.9923752338423,10667.389648
1095,2006.011563876652,10907.209961
1096,2006.0307525194617,10793.620117
1097,2006.0499411622714,10919.049805
1098,2006.0691298050813,11115.320313
1099,2006.088318447891,11061.849609
1100,2006.1075070907007,11021.589844
1101,2006.1266957335104,11076.339844
1102,2006.14588437632,11279.650391
1103,2006.1650730191297,11279.969727
1104,2006.1842616619394,11109.320313
1105,2006.2034503047494,11120.040039
1106,2006.222638947559,11137.650391
1107,2006.2418275903688,11347.450195
1108,2006.2610162331785,11367.139648
1109,2006.2802048759881,11577.740234
1110,2006.2993935187978,11380.990234
1111,2006.3185821616075,11144.05957
1112,2006.3377708044175,11278.610352
1113,2006.3569594472272,11247.870117
1114,2006.3761480900368,10891.919922
1115,2006.3953367328465,11014.549805
1116,2006.4145253756562,10989.089844
1117,2006.433714018466,11150.219727
1118,2006.4529026612756,11090.669922
1119,2006.4720913040856,10739.349609
1120,2006.4912799468952,10868.379883
1121,2006.510468589705,11219.700195
1122,2006.5296572325146,11240.349609
1123,2006.5488458753243,11088.030273
1124,2006.568034518134,11381.469727
1125,2006.5872231609437,11284.049805
1126,2006.6064118037536,11464.150391
1127,2006.6256004465633,11392.110352
1128,2006.644789089373,11560.769531
1129,2006.6639777321827,11508.099609
1130,2006.6831663749924,11679.070313
1131,2006.7023550178021,11850.209961
1132,2006.7215436606118,11960.509766
1133,2006.7407323034217,12002.370117
1134,2006.7599209462314,12090.259766
1135,2006.7791095890411,11986.040039
1136,2006.7982982318508,12108.429688
1137,2006.8174868746605,12342.55957
1138,2006.8366755174702,12280.169922
1139,2006.85586416028,12194.129883
1140,2006.8750528030898,12307.490234
1141,2006.8942414458995,12445.519531
1142,2006.9134300887092,12343.219727
1143,2006.932618731519,12463.150391
1144,2006.9518073743286,12398.009766
1145,2006.9709960171383,12556.080078
1146,2006.990184659948,12565.530273
1147,2007.009373302758,12487.019531
1148,2007.0285619455676,12653.490234
1149,2007.0477505883773,12580.830078
1150,2007.066939231187,12767.570313
1151,2007.0861278739967,12647.480469
1152,2007.1053165168064,12114.099609
1153,2007.124505159616,12276.320313
1154,2007.143693802426,12110.410156
1155,2007.1628824452357,12481.009766
1156,2007.1820710880454,12354.349609
1157,2007.201259730855,12560.200195
1158,2007.2204483736648,12612.129883
1159,2007.2396370164745,12961.980469
1160,2007.2588256592842,13120.94043
1161,2007.278014302094,13264.620117
1162,2007.2972029449038,13326.219727
1163,2007.3163915877135,13556.530272999998
1164,2007.3355802305232,13507.280272999998
1165,2007.354768873333,13668.110352000002
1166,2007.3739575161426,13424.389647999998
1167,2007.3931461589523,13639.480469
1168,2007.4123348017622,13360.259766
1169,2007.431523444572,13408.620117
1170,2007.4507120873816,13611.679688
1171,2007.4699007301913,13907.25
1172,2007.489089373001,13851.080078
1173,2007.5082780158107,13265.469727
1174,2007.5274666586204,13181.910156
1175,2007.5466553014303,13239.540039
1176,2007.56584394424,13079.080078
1177,2007.5850325870497,13378.870117
1178,2007.6042212298594,13357.740234
1179,2007.623409872669,13113.379883
1180,2007.6425985154788,13442.519531
1181,2007.6617871582885,13820.19043
1182,2007.6809758010984,13895.629883000001
1183,2007.700164443908,14066.009766
1184,2007.7193530867178,14093.080078
1185,2007.7385417295275,13522.019531
1186,2007.7577303723372,13806.700195
1187,2007.7769190151469,13595.099609
1188,2007.7961076579568,13042.740234
1189,2007.8152963007665,13176.790039
1190,2007.8344849435762,12980.879883
1191,2007.8536735863859,13371.719727
1192,2007.8728622291956,13625.580078
1193,2007.8920508720053,13339.849609
1194,2007.911239514815,13450.650391
1195,2007.9304281576249,13365.870117
1196,2007.9496168004346,12800.179688
1197,2007.9688054432443,12606.299805
1198,2007.987994086054,12099.299805
1199,2008.0071827288637,12207.169922
1200,2008.0263713716733,12743.19043
1201,2008.045560014483,12182.129883
1202,2008.064748657293,12348.209961
1203,2008.0839373001027,12381.019531
1204,2008.1031259429124,12266.389648
1205,2008.122314585722,11893.69043
1206,2008.1415032285317,11951.089844
1207,2008.1606918713414,12361.320313
1208,2008.1798805141511,12216.400391
1209,2008.199069156961,12609.419922
1210,2008.2182577997708,12325.419922
1211,2008.2374464425804,12849.360352
1212,2008.2566350853901,12891.860352
1213,2008.2758237281998,13058.200195
1214,2008.2950123710095,12745.879883
1215,2008.3142010138192,12986.799805
1216,2008.3333896566292,12479.629883
1217,2008.3525782994388,12638.320313
1218,2008.3717669422485,12209.80957
1219,2008.3909555850582,12307.349609
1220,2008.410144227868,11842.69043
1221,2008.4293328706776,11346.509766
1222,2008.4485215134873,11288.540039
1223,2008.4677101562972,11100.540039
1224,2008.486898799107,11496.570313
1225,2008.5060874419166,11370.69043
1226,2008.5252760847263,11326.320313
1227,2008.544464727536,11734.320313
1228,2008.5636533703457,11659.900391
1229,2008.5828420131554,11628.05957
1230,2008.6020306559653,11543.959961
1231,2008.621219298775,11220.959961
1232,2008.6404079415847,11421.990234
1233,2008.6595965843944,11388.44043
1234,2008.6787852272041,11143.129883
1235,2008.6979738700138,10325.379883
1236,2008.7171625128235,8451.19043
1237,2008.7363511556334,8852.219727
1238,2008.7555397984431,8378.950195
1239,2008.7747284412528,9325.009766
1240,2008.7939170840625,8943.80957
1241,2008.8131057268722,8497.30957
1242,2008.832294369682,8046.419922
1243,2008.8514830124916,8829.040039
1244,2008.8706716553015,8635.419922
1245,2008.8898602981112,8629.679688
1246,2008.909048940921,8579.110352
1247,2008.9282375837306,8515.549805
1248,2008.9474262265403,9034.69043
1249,2008.96661486935,8599.179688
1250,2008.9858035121597,8281.219727
1251,2009.0049921549696,8077.560059
1252,2009.0241807977793,8000.859863
1253,2009.043369440589,8280.589844
1254,2009.0625580833987,7850.410156
1255,2009.0817467262084,7365.669922
1256,2009.100935369018,7062.930176000001
1257,2009.1201240118278,6626.939941
1258,2009.1393126546377,7223.97998
1259,2009.1585012974474,7278.379883
1260,2009.177689940257,7776.180176000001
1261,2009.1968785830668,8017.589844
1262,2009.2160672258765,8083.379883
1263,2009.2352558686862,8131.330078
1264,2009.2544445114959,8076.290039
1265,2009.2736331543058,8212.410156
1266,2009.2928217971155,8574.650391
1267,2009.3120104399252,8268.639648
1268,2009.3311990827349,8277.320313
1269,2009.3503877255446,8500.330078
1270,2009.3695763683543,8763.129883
1271,2009.3887650111642,8799.259766
1272,2009.407953653974,8539.730469
1273,2009.4271422967836,8438.389648
1274,2009.4463309395933,8280.740234
1275,2009.465519582403,8146.52002
1276,2009.4847082252127,8743.94043
1277,2009.5038968680224,9093.240234
1278,2009.5230855108323,9171.610352
1279,2009.542274153642,9370.070313
1280,2009.5614627964517,9321.400391
1281,2009.5806514392614,9505.959961
1282,2009.599840082071,9544.200195
1283,2009.6190287248808,9441.269531
1284,2009.6382173676905,9605.410156
1285,2009.6574060105004,9820.200195
1286,2009.67659465331,9665.19043
1287,2009.6957832961198,9487.669922
1288,2009.7149719389295,9864.94043
1289,2009.7341605817392,9995.910156
1290,2009.7533492245489,9972.179688
1291,2009.7725378673586,9712.730469
1292,2009.7917265101685,10023.419922
1293,2009.8109151529782,10270.469727
1294,2009.8301037957879,10318.160156
1295,2009.8492924385976,10309.919922
1296,2009.8684810814073,10388.900391
1297,2009.887669724217,10471.5
1298,2009.9068583670266,10328.889648
1299,2009.9260470098366,10520.089844
1300,2009.9452356526463,10428.049805
1301,2009.964424295456,10618.19043
1302,2009.9836129382657,10609.650391
1303,2010.0028015810753,10172.980469
1304,2010.021990223885,10067.330078
1305,2010.0411788666947,10012.230469
1306,2010.0603675095047,10099.139648
1307,2010.0795561523144,10402.349609
1308,2010.098744795124,10325.259766
1309,2010.1179334379337,10566.200195
1310,2010.1371220807434,10624.69043
1311,2010.1563107235531,10741.980469
1312,2010.1754993663628,10850.360352
1313,2010.1946880091728,10927.070313
1314,2010.2138766519824,10997.349609
1315,2010.2330652947921,11018.660156
1316,2010.2522539376018,11204.280273
1317,2010.2714425804115,11008.610352
1318,2010.2906312232212,10380.429688
1319,2010.309819866031,10620.160156
1320,2010.3290085088408,10193.389648
1321,2010.3481971516505,10136.629883
1322,2010.3673857944602,9931.969727
1323,2010.38657443727,10211.070313
1324,2010.4057630800796,10450.639648
1325,2010.4249517228893,10143.80957
1326,2010.444140365699,9686.480469
1327,2010.463329008509,10198.030273
1328,2010.4825176513186,10097.900391
1329,2010.5017062941283,10424.620117
1330,2010.520894936938,10465.94043
1331,2010.5400835797477,10653.55957
1332,2010.5592722225574,10303.150391
1333,2010.578460865367,10213.620117
1334,2010.597649508177,10150.650391
1335,2010.6168381509867,10447.929688
1336,2010.6360267937964,10462.769531
1337,2010.655215436606,10607.849609
1338,2010.6744040794158,10860.259766
1339,2010.6935927222255,10829.679688
1340,2010.7127813650352,11006.480469
1341,2010.7319700078451,11062.780273
1342,2010.7511586506548,11132.55957
1343,2010.7703472934645,11118.490234
1344,2010.7895359362742,11444.080078
1345,2010.808724579084,11192.580078
1346,2010.8279132218936,11203.549805
1347,2010.8471018647033,11091.870117
1348,2010.8662905075132,11382.089844
1349,2010.885479150323,11410.320313
1350,2010.9046677931326,11491.910156
1351,2010.9238564359423,11573.490234
1352,2010.943045078752,11577.509766
1353,2010.9622337215617,11674.759766
1354,2010.9814223643714,11787.379883
1355,2011.0006110071813,11871.839844
1356,2011.019799649991,11823.700195
1357,2011.0389882928007,12092.150391
1358,2011.0581769356104,12273.259766
1359,2011.07736557842,12391.25
1360,2011.0965542212298,12130.450195
1361,2011.1157428640395,12169.879883
1362,2011.1349315068494,12044.400391
1363,2011.154120149659,11858.519531
1364,2011.1733087924688,12220.589844
1365,2011.1924974352785,12376.719727
1366,2011.2116860780882,12380.049805
1367,2011.2308747208979,12341.830078
1368,2011.2500633637078,12505.990234
1369,2011.2692520065175,12810.540039
1370,2011.2884406493272,12638.740234
1371,2011.3076292921369,12595.75
1372,2011.3268179349466,12512.040039
1373,2011.3460065777563,12441.580078
1374,2011.365195220566,12151.259766
1375,2011.384383863376,11951.910156
1376,2011.4035725061856,12004.360352
1377,2011.4227611489953,11934.580078
1378,2011.441949791805,12582.769531
1379,2011.4611384346147,12657.200195
1380,2011.4803270774244,12479.730469
1381,2011.499515720234,12681.160156
1382,2011.518704363044,12143.240234
1383,2011.5378930058537,11444.610352
1384,2011.5570816486634,11269.019531
1385,2011.576270291473,10817.650391
1386,2011.5954589342828,11284.540039
1387,2011.6146475770925,11240.259766
1388,2011.6338362199022,10992.129883
1389,2011.653024862712,11509.089844
1390,2011.6722135055218,10771.480469
1391,2011.6914021483315,10913.379883
1392,2011.7105907911412,11103.120117
1393,2011.7297794339509,11644.490234
1394,2011.7489680767605,11808.790039
1395,2011.7681567195702,12231.110352
1396,2011.7873453623802,11983.240234
1397,2011.8065340051899,12153.679688
1398,2011.8257226479996,11796.160156
1399,2011.8449112908093,11231.650391
1400,2011.864099933619,12019.419922
1401,2011.8832885764286,12184.259766
1402,2011.9024772192383,11866.389648
1403,2011.9216658620483,12294.0
1404,2011.940854504858,12217.55957
1405,2011.9600431476676,12359.919922
1406,2011.9792317904773,12422.05957
1407,2011.998420433287,12720.480469
1408,2012.0176090760967,12660.459961
1409,2012.0367977189064,12862.230469
1410,2012.0559863617164,12801.230469
1411,2012.075175004526,12949.870117
1412,2012.0943636473357,12982.950195
1413,2012.1135522901454,12977.570313
1414,2012.1327409329551,12922.019531
1415,2012.1519295757648,13232.620117
1416,2012.1711182185745,13080.730469
1417,2012.1903068613844,13212.040039
1418,2012.2094955041941,13060.139648
1419,2012.2286841470038,12849.589844
1420,2012.2478727898135,13029.259766
1421,2012.2670614326232,13228.30957
1422,2012.286250075433,13038.269531
1423,2012.3054387182426,12820.599609
1424,2012.3246273610525,12369.379883
1425,2012.3438160038622,12454.830078
1426,2012.363004646672,12118.570313
1427,2012.3821932894816,12554.200195
1428,2012.4013819322913,12767.169922
1429,2012.420570575101,12640.780273
1430,2012.4397592179107,12880.089844
1431,2012.4589478607206,12772.469727
1432,2012.4781365035303,12777.089844
1433,2012.49732514634,12822.570313
1434,2012.5165137891497,13075.660156
1435,2012.5357024319594,13096.169922
1436,2012.554891074769,13207.950195
1437,2012.5740797175788,13275.200195
1438,2012.5932683603887,13157.969727
1439,2012.6124570031984,13090.839844
1440,2012.631645646008,13306.639648
1441,2012.6508342888178,13593.370116999999
1442,2012.6700229316275,13579.469727000002
1443,2012.6892115744372,13437.129883000001
1444,2012.708400217247,13610.150391
1445,2012.7275888600568,13328.849609
1446,2012.7467775028665,13343.509766
1447,2012.7659661456762,13107.209961
1448,2012.785154788486,13093.160156
1449,2012.8043434312956,12815.389648
1450,2012.8235320741053,12588.30957
1451,2012.842720716915,13009.530273
1452,2012.861909359725,13025.580078
1453,2012.8810980025346,13155.129883
1454,2012.9002866453443,13135.009766
1455,2012.919475288154,13190.839844
1456,2012.9386639309637,12938.110352
1457,2012.9578525737734,13435.209961000002
1458,2012.977041216583,13488.429688
1459,2012.996229859393,13649.700195
1460,2013.0154185022027,13895.980469
1461,2013.0346071450124,14009.790038999998
1462,2013.053795787822,13992.969727000002
1463,2013.0729844306318,13981.759766
1464,2013.0921730734415,14000.570313
1465,2013.1113617162514,14089.660156
1466,2013.130550359061,14397.070313
1467,2013.1497390018708,14514.110352000002
1468,2013.1689276446805,14512.030272999998
1469,2013.1881162874902,14578.540038999998
1470,2013.2073049302999,14565.25
1471,2013.2264935731096,14865.05957
1472,2013.2456822159195,14547.509766
1473,2013.2648708587292,14712.549805
1474,2013.2840595015389,14973.959961000002
1475,2013.3032481443486,15118.490234
1476,2013.3224367871583,15354.400391
1477,2013.341625429968,15303.099609
1478,2013.3608140727777,15115.570313
1479,2013.3800027155876,15248.120116999999
1480,2013.3991913583973,15070.179688
1481,2013.418380001207,14799.400391
1482,2013.4375686440167,14909.599609
1483,2013.4567572868264,15135.839844
1484,2013.475945929636,15464.299805
1485,2013.4951345724457,15543.740234
1486,2013.5143232152557,15558.830078
1487,2013.5335118580654,15658.360352000002
1488,2013.552700500875,15425.509766
1489,2013.5718891436848,15081.469727000002
1490,2013.5910777864945,15010.509766
1491,2013.6102664293041,14810.30957
1492,2013.6294550721138,14922.5
1493,2013.6486437149238,15376.05957
1494,2013.6678323577335,15451.089844
1495,2013.6870210005432,15258.240234
1496,2013.7062096433528,15072.580078
1497,2013.7253982861625,15237.110352000002
1498,2013.7445869289722,15399.650391
1499,2013.763775571782,15570.280272999998
1500,2013.7829642145919,15615.549805
1501,2013.8021528574016,15761.780272999998
1502,2013.8213415002112,15961.700195
1503,2013.840530143021,16064.769531
1504,2013.8597187858306,16086.410156
1505,2013.8789074286403,16020.200195
1506,2013.89809607145,15755.360352000002
1507,2013.91728471426,16221.139647999998
1508,2013.9364733570696,16478.410156
1509,2013.9556619998793,16469.990234
1510,2013.974850642689,16437.050781
1511,2013.9940392854987,16458.560547
1512,2014.0132279283084,15879.110352000002
1513,2014.0324165711181,15698.849609
1514,2014.051605213928,15794.080078
1515,2014.0707938567377,16154.389647999998
1516,2014.0899824995474,16103.299805
1517,2014.1091711423571,16321.709961000002
1518,2014.1283597851668,16452.720703
1519,2014.1475484279765,16065.669922
1520,2014.1667370707862,16302.769531
1521,2014.1859257135961,16323.05957
1522,2014.2051143564058,16412.710938
1523,2014.2243029992155,16026.75
1524,2014.2434916420252,16408.539063
1525,2014.262680284835,16361.459961000002
1526,2014.2818689276446,16512.890625
1527,2014.3010575704543,16583.339844
1528,2014.3202462132642,16491.310547
1529,2014.339434856074,16606.269531
1530,2014.3586234988836,16717.169922
1531,2014.3778121416933,16924.279297
1532,2014.397000784503,16775.740234
1533,2014.4161894273127,16947.080078
1534,2014.4353780701224,16851.839844
1535,2014.4545667129323,17068.259766
1536,2014.473755355742,16943.810547
1537,2014.4929439985517,17100.179688
1538,2014.5121326413614,16960.570313
1539,2014.531321284171,16493.369141
1540,2014.5505099269808,16553.929688
1541,2014.5696985697905,16662.910156
1542,2014.5888872126004,17001.220703
1543,2014.60807585541,17098.449219
1544,2014.6272644982198,17137.359375
1545,2014.6464531410295,16987.509766
1546,2014.6656417838392,17279.740234
1547,2014.684830426649,17113.150391
1548,2014.7040190694588,17009.689453
1549,2014.7232077122685,16544.099609
1550,2014.7423963550782,16380.410156
1551,2014.761584997888,16805.410156
1552,2014.7807736406976,17390.519531
1553,2014.7999622835073,17573.929688
1554,2014.819150926317,17634.740234
1555,2014.838339569127,17810.060547
1556,2014.8575282119366,17828.240234
1557,2014.8767168547463,17958.789063
1558,2014.895905497556,17280.830078
1559,2014.9150941403657,17804.800781
1560,2014.9342827831754,18053.710938
1561,2014.953471425985,17832.990234
1562,2014.972660068795,17737.369141
1563,2014.9918487116047,17511.570313
1564,2015.0110373544144,17672.599609
1565,2015.030225997224,17164.949219
1566,2015.0494146400338,17824.289063
1567,2015.0686032828435,18019.349609
1568,2015.0877919256532,18140.439453
1569,2015.106980568463,18132.699219
1570,2015.1261692112728,17856.779297
1571,2015.1453578540825,17749.310547
1572,2015.1645464968922,18127.650391
1573,2015.1837351397019,17712.660156
1574,2015.2029237825116,17763.240234
1575,2015.2221124253213,18057.650391
1576,2015.2413010681312,17826.300781
1577,2015.2604897109409,18080.140625
1578,2015.2796783537506,18024.060547
1579,2015.2988669965603,18191.109375
1580,2015.31805563937,18272.560547
1581,2015.3372442821797,18232.019531
1582,2015.3564329249893,18010.679688
1583,2015.3756215677993,17849.460938
1584,2015.394810210609,17898.839844
1585,2015.4139988534187,18015.949219
1586,2015.4331874962284,17946.679688
1587,2015.452376139038,17730.109375
1588,2015.4715647818477,17760.410156
1589,2015.4907534246574,18086.449219
1590,2015.5099420674674,17568.529297
1591,2015.529130710277,17689.859375
1592,2015.5483193530868,17373.380859
1593,2015.5675079958964,17477.400391
1594,2015.5866966387061,16459.75
1595,2015.6058852815158,16643.009766
1596,2015.6250739243255,16102.379883000001
1597,2015.6442625671355,16433.089844
1598,2015.6634512099452,16384.580078
1599,2015.6826398527548,16314.669922
1600,2015.7018284955645,16472.369141
1601,2015.7210171383742,17084.490234
1602,2015.740205781184,17215.970703
1603,2015.7593944239936,17646.699219
1604,2015.7785830668035,17663.539063
1605,2015.7977717096132,17910.330078
1606,2015.816960352423,17245.240234
1607,2015.8361489952326,17823.810547
1608,2015.8553376380423,17813.390625
1609,2015.874526280852,17847.630859
1610,2015.8937149236617,17265.210938
1611,2015.9129035664716,17128.550781
1612,2015.9320922092813,17552.169922
1613,2015.951280852091,17425.029297
1614,2015.9704694949007,16346.450195
1615,2015.9896581377104,15988.080078
1616,2016.0088467805201,16093.509766
1617,2016.0280354233298,16466.300781
1618,2016.0472240661397,16204.969727000002
1619,2016.0664127089494,15973.839844
1620,2016.0856013517591,16391.990234
1621,2016.1047899945688,16639.970703
1622,2016.1239786373785,17006.769531
1623,2016.1431672801882,17213.310547
1624,2016.162355922998,17602.300781
1625,2016.1815445658078,17515.730469
1626,2016.2007332086175,17792.75
1627,2016.2199218514272,17576.960938
1628,2016.239110494237,17897.460938
1629,2016.2582991370466,18003.75
1630,2016.2774877798563,17773.640625
1631,2016.296676422666,17740.630859
1632,2016.315865065476,17535.320313
1633,2016.3350537082856,17500.939453
1634,2016.3542423510953,17873.220703
1635,2016.373430993905,17807.060547
1636,2016.3926196367147,17865.339844
1637,2016.4118082795244,17675.160156
1638,2016.430996922334,17400.75
1639,2016.450185565144,17949.369141
1640,2016.4693742079537,18146.740234
1641,2016.4885628507634,18516.550781
1642,2016.507751493573,18570.849609
1643,2016.5269401363828,18432.240234
1644,2016.5461287791925,18543.529297
1645,2016.5653174220022,18576.470703
1646,2016.584506064812,18552.570313
1647,2016.6036947076218,18395.400391
1648,2016.6228833504315,18491.960938
1649,2016.6420719932412,18085.449219
1650,2016.6612606360509,18123.800781
1651,2016.6804492788606,18261.449219
1652,2016.6996379216703,18308.150391
1653,2016.7188265644802,18240.490234
1654,2016.73801520729,18138.380859
1655,2016.7572038500996,18145.710938
1656,2016.7763924929093,18161.189453
1657,2016.795581135719,17888.279297
1658,2016.8147697785287,18847.660156
1659,2016.8339584213386,18867.929688
1660,2016.8531470641483,19152.140625
1661,2016.872335706958,19170.419922
1662,2016.8915243497677,19756.849609
1663,2016.9107129925774,19843.410156
1664,2016.929901635387,19933.810547
1665,2016.9490902781968,19762.599609
1666,2016.9682789210067,19963.800781
1667,2016.9874675638164,19885.730469
1668,2017.006656206626,19827.25
1669,2017.0258448494358,20093.779297
1670,2017.0450334922455,20071.460938
1671,2017.0642221350552,20269.369141
1672,2017.0834107778649,20624.050781
1673,2017.1025994206748,20821.759766
1674,2017.1217880634845,21005.710938
1675,2017.1409767062942,20902.980469
1676,2017.1601653491039,20914.619141
1677,2017.1793539919136,20596.720703
1678,2017.1985426347233,20663.220703
1679,2017.217731277533,20656.099609
1680,2017.2369199203429,20453.25
1681,2017.2561085631526,20547.759766
1682,2017.2752972059623,20940.509766
1683,2017.294485848772,21006.939453
1684,2017.3136744915817,20896.609375
1685,2017.3328631343913,20804.839844
1686,2017.352051777201,21080.279297
1687,2017.371240420011,21206.289063
1688,2017.3904290628207,21271.970703
1689,2017.4096177056304,21384.279297
1690,2017.42880634844,21394.759766
1691,2017.4479949912497,21349.630859
1692,2017.4671836340594,21414.339844
1693,2017.4863722768691,21637.740234
1694,2017.505560919679,21580.070313
1695,2017.5247495624888,21830.310547
1696,2017.5439382052984,22092.810547
1697,2017.5631268481081,21858.320313
1698,2017.5823154909178,21674.509766
1699,2017.6015041337275,21813.669922
1700,2017.6206927765372,21987.560547
1701,2017.6398814193471,21797.789063
1702,2017.6590700621568,22268.339844
1703,2017.6782587049665,22349.589844
1704,2017.6974473477762,22405.089844
1705,2017.716635990586,22773.669922
1706,2017.7358246333956,22871.720703
1707,2017.7550132762053,23328.630859
1708,2017.7742019190152,23434.189453
1709,2017.793390561825,23539.189453
1710,2017.8125792046346,23422.210938
1711,2017.8317678474443,23358.240234
1712,2017.850956490254,23557.990234
1713,2017.8701451330637,24231.589844
1714,2017.8893337758734,24329.160156
1715,2017.9085224186833,24651.740234
1716,2017.927711061493,24754.060547
1717,2017.9468997043027,24719.220703
1718,2017.9660883471124,25295.869141
1719,2017.985276989922,25803.189453
1720,2018.0044656327318,26071.720703
1721,2018.0236542755415,26616.710938
1722,2018.0428429183514,25520.960938
1723,2018.0620315611611,24190.900391
1724,2018.0812202039708,25219.380859
1725,2018.1004088467805,25309.990234
1726,2018.1195974895902,24538.060547
1727,2018.1387861324,25335.740234
1728,2018.1579747752096,24946.509766
1729,2018.1771634180195,23533.199219
1730,2018.1963520608292,24103.109375
1731,2018.215540703639,23932.759766
1732,2018.2347293464486,24360.140625
1733,2018.2539179892583,24462.939453
1734,2018.273106632068,24311.189453
1735,2018.2922952748777,24262.509766
1736,2018.3114839176876,24831.169922
1737,2018.3306725604973,24715.089844
1738,2018.349861203307,24753.089844
1739,2018.3690498461167,24635.210938
1740,2018.3882384889264,25316.529297
1741,2018.407427131736,25090.480469
1742,2018.426615774546,24580.890625
1743,2018.4458044173557,24271.410156
1744,2018.4649930601654,24456.480469
1745,2018.484181702975,25019.410156
1746,2018.5033703457848,25058.119141
1747,2018.5225589885945,25451.060547
1748,2018.5417476314042,25462.580078
1749,2018.5609362742139,25313.140625
1750,2018.5801249170238,25669.320313
1751,2018.5993135598335,25790.349609
1752,2018.6185022026432,25964.820313
1753,2018.6376908454529,25916.539063
1754,2018.6568794882626,26154.669922
1755,2018.6760681310723,26743.5
1756,2018.6952567738822,26458.310547
1757,2018.714445416692,26447.050781
1758,2018.7336340595016,25339.990234
1759,2018.7528227023113,25444.339844
1760,2018.772011345121,24688.310547
1761,2018.7911999879307,25270.830078
1762,2018.8103886307404,25989.300781
1763,2018.8295772735503,25413.220703
1764,2018.84876591636,24285.949219
1765,2018.8679545591697,25538.460938
1766,2018.8871432019794,24388.949219
1767,2018.906331844789,24100.509766
1768,2018.9255204875988,22445.369141
1769,2018.9447091304085,23062.400391
1770,2018.9638977732184,23433.160156
1771,2018.983086416028,23995.949219
1772,2019.0022750588378,24706.349609
1773,2019.0214637016475,24737.199219
1774,2019.0406523444572,25063.890625
1775,2019.0598409872669,25106.330078
1776,2019.0790296300765,25883.25
1777,2019.0982182728865,26031.810547
1778,2019.1174069156962,26026.320313
1779,2019.1365955585059,25450.240234
1780,2019.1557842013156,25848.869141
1781,2019.1749728441253,25502.320313
1782,2019.194161486935,25928.679688
1783,2019.2133501297446,26424.990234
1784,2019.2325387725546,26412.300781
1785,2019.2517274153643,26559.539063
1786,2019.270916058174,26543.330078
1787,2019.2901047009836,26504.949219
1788,2019.3092933437933,25942.369141
1789,2019.328481986603,25764.0
1790,2019.3476706294127,25585.689453
1791,2019.3668592722227,24815.039063
1792,2019.3860479150323,25983.939453
1793,2019.405236557842,26089.609375
1794,2019.4244252006517,26719.130859
1795,2019.4436138434614,26599.960938
1796,2019.4628024862711,26922.119141000003
1797,2019.4819911290808,27332.029297000005
1798,2019.5011797718907,27154.199219
1799,2019.5203684147004,27192.449219
1800,2019.5395570575101,26485.009766
1801,2019.5587457003198,26287.439453
1802,2019.5779343431295,25886.009766
1803,2019.5971229859392,25628.900391
1804,2019.616311628749,26403.279297
1805,2019.6355002715588,26797.460938
1806,2019.6546889143685,27219.519531
1807,2019.6738775571782,26935.070313
1808,2019.693066199988,26820.25
1809,2019.7122548427976,26573.720703
1810,2019.7314434856073,26816.589844
1811,2019.750632128417,26770.199219
1812,2019.769820771227,26958.060547000005
1813,2019.7890094140366,27347.359375
1814,2019.8081980568463,27681.240233999997
1815,2019.827386699656,28004.890625
1816,2019.8465753424657,28004.890625
